,rxn_smiles,solvent,temp,E_target
0,c1ccccc1C=CC=C.N#[N+][CH2-]>>c1ccccc1C=CC2N=NCC2,dichloromethane,1,13.8
1,C1=CC2CCC1C2.N#[N+][CH2-]>>C13N=NCC3C2CCC1C2,dichloromethane,1,13.2
2,O=C(OCC)C=C.c1ccccc1C(c1ccccc1)=[N+]=[N-]>>CCOC(=O)C1CC(c2ccccc2)(c2ccccc2)N=N1,dmf,1,8.0
3,c1ccccc1C=[N+](C)[O-].C=C(C)C(OC)=O>>COC(=O)C1(C)CC(c2ccccc2)N(C)O1,toluene,1,15.7
4,c1ccccc1C=[N+](C)[O-].c1cccnc1C=C>>CN1OCC(c2ccccn2)C1c1ccccc1,toluene,1,18.3
5,C1=CC2CCC1C2.c1ccccc1N=[N+]=[N-]>>c1ccc(N2N=NC3C4CCC(C4)C32)cc1,toluene,1,15.2
6,c1ccccc1[N+]2=NOC(=O)[CH-]2.c1ccccc1C#CC(=O)OCC>>CCOC(=O)C1=C(c2ccccc2)C2C(=O)ON1N2c1ccccc1,benzene,1,18.3
7,c1ccccc1.O=[O+][O-]>>C1=CC=CC2OOOC12,dichloromethane,1,13.2
8,C=[N+]=[N-].C=CC=C>>C1N=NCC1C=C,dmf,298.15,22.5
9,C=[N+]=[N-].C=CC=CN(C)C>>C1N=NCC1C=CN(C)C,dmf,298.15,26.0
10,C=[N+]=[N-].C=CC=CC>>C1N=NCC1C=CC,dmf,298.15,23.7




